                           solve pr===2


====================================================================

                             qurrey
=============================================================
qurrey 0
=====================================================

mysql> select * from pr_info;
+-------+---------+------------------+--------+----------+------------------+
| pr_id | pr_name | pr_murchant_name | pr_qun | pr_price | pr_purchase_date |
+-------+---------+------------------+--------+----------+------------------+
|   101 | pancil  | ankush           |      2 |    15000 | 2020-05-21       |
|   102 | pen     | daksh            |     11 |     1000 | 2021-06-22       |
|   103 | eraser  | janvi            |     12 |      999 | 2020-05-24       |
|   104 | futpati | jill             |     14 |     5000 | 2029-05-22       |
|   105 | jill    | darsan           |     15 |     2000 | 2022-01-22       |
|   106 | bharat  | janvi            |     20 |      200 | 2016-06-22       |
|   107 | syerya  | kalo             |     20 |      200 | 2028-05-22       |
|   108 | kano    | nager            |     15 |     4500 | 2027-05-22       |
|   109 | darvin  | druvin           |    546 |      212 | 2020-04-27       |
|   110 | davish  | der              |     46 |      189 | 2018-05-22       |
+-------+---------+------------------+--------+----------+------------------+
10 rows in set (0.00 sec)
==================================================================================================

                           qurrey====2
=====================================================================================================
mysql> update pr_info set pr_qun = pr_qun -5;
Query OK, 10 rows affected (0.05 sec)
Rows matched: 10  Changed: 10  Warnings: 0

mysql> select * from pr_info;




=========================================================================================================================
                                   
=========================================================================================================================
+-------+---------+------------------+--------+----------+------------------+
| pr_id | pr_name | pr_murchant_name | pr_qun | pr_price | pr_purchase_date |
+-------+---------+------------------+--------+----------+------------------+
|   101 | pancil  | ankush           |     -3 |    15000 | 2020-05-21       |
|   102 | pen     | daksh            |      6 |     1000 | 2021-06-22       |
|   103 | eraser  | janvi            |      7 |      999 | 2020-05-24       |
|   104 | futpati | jill             |      9 |     5000 | 2029-05-22       |
|   105 | jill    | darsan           |     10 |     2000 | 2022-01-22       |
|   106 | bharat  | janvi            |     15 |      200 | 2016-06-22       |
|   107 | syerya  | kalo             |     15 |      200 | 2028-05-22       |
|   108 | kano    | nager            |     10 |     4500 | 2027-05-22       |
|   109 | darvin  | druvin           |    541 |      212 | 2020-04-27       |
|   110 | davish  | der              |     41 |      189 | 2018-05-22       |
+-------+---------+------------------+--------+----------+------------------+
10 rows in set (0.00 sec)

======================================================================================

                                   qurrey===========4
===================================================================================== 


mysql> select  max(pr_price) from pr_info;
+---------------+
| max(pr_price) |
+---------------+
|         15000 |
+---------------+
1 row in set (0.00 sec)
=========================================================================================


                             qurrey============5
===========================================================================================

mysql> select  min(pr_qun) from pr_info;
+-------------+
| min(pr_qun) |
+-------------+
|          -3 |
+-------------+
1 row in set (0.00 sec)

===========================================================================================



                                             qurrey==========================15
=================================================================================================
mysql> delete from pr_info where pr_price >200;
Query OK, 7 rows affected (0.06 sec)

mysql> select * from pr_info;
+-------+---------+------------------+--------+----------+------------------+
| pr_id | pr_name | pr_murchant_name | pr_qun | pr_price | pr_purchase_date |
+-------+---------+------------------+--------+----------+------------------+
|   106 | bharat  | janvi            |     15 |      200 | 2016-06-22       |
|   107 | syerya  | kalo             |     15 |      200 | 2028-05-22       |
|   110 | davish  | der              |     41 |      189 | 2018-05-22       |
+-------+---------+------------------+--------+----------+------------------+
3 rows in set (0.00 sec)

======================================================================================================
                                             qurre 2
=======================================================================================================

mysql> update stu set stu_name='kano' where stu_id=101;
Query OK, 1 row affected (0.05 sec)
Rows matched: 1  Changed: 1  Warnings: 0

mysql> select * from stu;
+--------+----------+-----------+-------------+------------+----------------+---------+-------------------+----------------+-------------------+
| stu_id | stu_name | stu_city  | stu_address | stu_gender | stu_blood_grop | stu_sem | stu_date_of_birth | stu_lan_number | stu_mobile_number |
+--------+----------+-----------+-------------+------------+----------------+---------+-------------------+----------------+-------------------+
|    101 | kano     | surat     | yogichowk   | male       | o+             |       1 | 2003-11-09        |     7567920122 |        9328510006 |
|    102 | fiza     | gindinger | hirabag     | female     | o+             |       2 | 2003-11-08        |     7567920121 |        8849048885 |
|    103 | daksh    | amaril    | pachtalavda | male       | a+             |       3 | 2005-10-09        |     7567920145 |        9934578925 |
|    104 | kano     | surat     | jamangh     | male       | o+             |       5 | 2005-10-08        |     7566620145 |        7983457892 |
|    105 | purvi    | surat     | chopati     | female     | a+             |       3 | 2007-12-09        |     8867920145 |        9955578925 |
|    106 | om       | surat     | katrgam     | male       | a+             |       3 | 2008-10-09        |     7568020145 |        9939578925 |
|    107 | ab       | rajot     | gardanchowk | male       | a              |       5 | 2009-05-09        |     7567928145 |        9934578929 |
|    108 | mayur    | amaril    | pansada     | male       | a+             |       6 | 2000-10-08        |     7577920144 |        8834578925 |
|    109 | priya    | navsari   | maliba      | female     | o+             |       4 | 2000-12-08        |     7500920144 |        8800578925 |
|    110 | damo     | navsari   | ho          | male       | a+             |       1 | 2004-10-08        |     7577820144 |        8834578925 |
+--------+----------+-----------+-------------+------------+----------------+---------+-------------------+----------------+-------------------+
10 rows in set (0.00 sec)

==============================================================================================


                                   qurre 3
==============================================================================================


mysql> update stu  set  stu_mobile_number = 9998817009 where stu_id =105;
Query OK, 1 row affected (0.07 sec)
Rows matched: 1  Changed: 1  Warnings: 0

mysql> select * from stu;
+--------+----------+-----------+-------------+------------+----------------+---------+-------------------+----------------+-------------------+
| stu_id | stu_name | stu_city  | stu_address | stu_gender | stu_blood_grop | stu_sem | stu_date_of_birth | stu_lan_number | stu_mobile_number |
+--------+----------+-----------+-------------+------------+----------------+---------+-------------------+----------------+-------------------+
|    101 | ankush   | surat     | yogichowk   | male       | o+             |       1 | 2003-11-09        |     7567920122 |        9328510006 |
|    102 | fiza     | gindinger | hirabag     | female     | o+             |       2 | 2003-11-08        |     7567920121 |        8849048885 |
|    103 | daksh    | amaril    | pachtalavda | male       | a+             |       3 | 2005-10-09        |     7567920145 |        9934578925 |
|    104 | kano     | surat     | jamangh     | male       | o+             |       5 | 2005-10-08        |     7566620145 |        7983457892 |
|    105 | purvi    | surat     | chopati     | female     | a+             |       3 | 2007-12-09        |     8867920145 |        9998817009 |
|    106 | om       | surat     | katrgam     | male       | a+             |       3 | 2008-10-09        |     7568020145 |        9939578925 |
|    107 | ab       | rajot     | gardanchowk | male       | a              |       5 | 2009-05-09        |     7567928145 |        9934578929 |
|    108 | mayur    | amaril    | pansada     | male       | a+             |       6 | 2000-10-08        |     7577920144 |        8834578925 |
|    109 | priya    | navsari   | maliba      | female     | o+             |       4 | 2000-12-08        |     7500920144 |        8800578925 |
|    110 | damo     | navsari   | ho          | male       | a+             |       1 | 2004-10-08        |     7577820144 |        8834578925 |
+--------+----------+-----------+-------------+------------+----------------+---------+-------------------+----------------+-------------------+
10 rows in set (0.00 sec)

mysql> 
===========================================================================================


                                            qurre == 8
===============================================================================================

Query OK, 1 row affected (0.04 sec)
Rows matched: 1  Changed: 1  Warnings: 0

mysql> select * from stu;
+--------+----------+-----------+-------------+------------+----------------+---------+-------------------+----------------+-------------------+
| stu_id | stu_name | stu_city  | stu_address | stu_gender | stu_blood_grop | stu_sem | stu_date_of_birth | stu_lan_number | stu_mobile_number |
+--------+----------+-----------+-------------+------------+----------------+---------+-------------------+----------------+-------------------+
|    101 | ankush   | surat     | yogichowk   | male       | o+             |       1 | 2003-11-09        |     7567920122 |        9328510006 |
|    102 | fiza     | gindinger | hirabag     | female     | o+             |       2 | 2003-11-08        |     7567920121 |        8849048885 |
|    103 | daksh    | amaril    | pachtalavda | male       | a+             |       3 | 2005-10-09        |     7567920145 |        9934578925 |
|    104 | kano     | surat     | jamangh     | male       | o+             |       5 | 2005-10-08        |     7566620145 |        7983457892 |
|    105 | purvi    | surat     | chopati     | female     | a+             |       3 | 2007-12-09        |     8867920145 |        9998817009 |
|    106 | om       | surat     | katrgam     | male       | a+             |       3 | 2008-10-09        |     7568020145 |        9939578925 |
|    107 | ab       | rajot     | gardanchowk | male       | a              |       5 | 2009-05-09        |     7567928145 |        9934578929 |
|    108 | mayur    | amaril    | pansada     | male       | a+             |       6 | 2000-10-08        |     7577920144 |        8834578925 |
|    109 | priya    | navsari   | maliba      | female     | o+             |       4 | 2000-12-08        |     7500920144 |        8800578925 |
|    110 | yesh     | navsari   | ho          | male       | a+             |       1 | 2002-08-13        |     7577820144 |        8834578925 |
+--------+----------+-----------+-------------+------------+----------------+---------+-------------------+----------------+-------------------+
10 rows in set (0.00 sec)

mysql> 
===========================================================================================


                                      qure == 12
===============================================================================================


 delete from stu where stu_city ='surat';
Query OK, 4 rows affected (0.05 sec)

mysql> select * from stu;
+--------+----------+-----------+-------------+------------+----------------+---------+-------------------+----------------+-------------------+
| stu_id | stu_name | stu_city  | stu_address | stu_gender | stu_blood_grop | stu_sem | stu_date_of_birth | stu_lan_number | stu_mobile_number |
+--------+----------+-----------+-------------+------------+----------------+---------+-------------------+----------------+-------------------+
|    102 | fiza     | gindinger | hirabag     | female     | o+             |       2 | 2003-11-08        |     7567920121 |        8849048885 |
|    103 | daksh    | amaril    | pachtalavda | male       | a+             |       3 | 2005-10-09        |     7567920145 |        9934578925 |
|    107 | ab       | rajot     | gardanchowk | male       | a              |       5 | 2009-05-09        |     7567928145 |        9934578929 |
|    108 | mayur    | amaril    | pansada     | male       | a+             |       6 | 2000-10-08        |     7577920144 |        8834578925 |
|    109 | priya    | navsari   | maliba      | female     | o+             |       4 | 2000-12-08        |     7500920144 |        8800578925 |
|    110 | yesh     | navsari   | ho          | male       | a+             |       1 | 2002-08-13        |     7577820144 |        8834578925 |
+--------+----------+-----------+-------------+------------+----------------+---------+-------------------+----------------+-------------------+
6 rows in set (0.00 sec)

mysql> =============================================================================================
                                   qurre 6
====================================================================================================



mysql> SELECT AVG(E_salary) from Emp;
+---------------+
| AVG(E_salary) |
+---------------+
|    85350.0000 |
+---------------+
1 row in set (0.00 sec)

mysql> SELECT sum(E_id) from EMPLOYEE_MASTER;
ERROR 1146 (42S02): Table 'sys.EMPLOYEE_MASTER' doesn't exist
mysql> 
Display all 2258 possibilities? (y or n)

                          ==========================================================   

                                         qurre 7
==================================================================================== 
mysql> SELECT sum(E_id) from Emp;
+-----------+
| sum(E_id) |
+-----------+
|      1055 |
+-----------+
1 row in set (0.00 sec)

mysql> dELETE FROM EMPLOYEE_MASTER WHERE E_salary < 500;^[[D                                                             
dELETE FROM EMPLOYEE_MASTER WHERE E_salary < 500;
^C
====================================================================================


                                        =========
mysql> delete from emp where E_salary <500;
ERROR 1146 (42S02): Table 'sys.emp' doesn't exist
mysql> dELETE FROM Emp WHERE E_salary < 5000;
Query OK, 0 rows affected (0.00 sec)

mysql> select * from Emp;
+------+-------------+-------------------------+----------+---------------+-----------------+-----------------+----------+-------------+--------------+
| E_id | E_full_Name | E_address               | E_gender | Date_of_birth | E_designation   | E_deprtment     | E_salary | E_expirince | Date_of_join |
+------+-------------+-------------------------+----------+---------------+-----------------+-----------------+----------+-------------+--------------+
|  101 | daksh       |  Mumbai                 | M        | 1993-12-08    | HOD             | Sales Manegment |   300000 |          13 | 2008-03-01   |
|  102 | priya       |  Mumbai                 | F        | 1988-03-18    | Manager         | Sales Manegment |    25000 |           8 | 2013-08-01   |
|  103 |  jaymin     |  Surat                  | M        | 1990-05-20    | Head Technicion | Assamblly       |    20000 |          10 | 2015-03-01   |
|  104 | omm         | Vadodara                | M        | 1983-06-22    | Salesmen        | Sels Menegment  |    10000 |           3 | 2018-08-01   |
|  105 | priya       |  Navsari                | F        | 1980-07-15    | Supervisor      | Manufacturing   |    50000 |           8 | 2014-12-01   |
|  106 | darshan     |  Dang                   | M        | 1998-01-15    | Security Gaurd  | Security        |    15000 |          15 | 2006-03-01   |
|  107 | druv        |  Ahmdabad               | M        | 1980-08-18    | HOD             | Manufacturing   |   350000 |          18 | 2003-08-01   |
|  108 | damo        | 45, Atmiya Soc., Ranchi | M        | 1978-03-18    | Manager         | Manufacturing   |    30000 |           5 | 2016-03-01   |
|  109 | happy       |  Chenai                 | F        | 1983-01-16    | Worker          | Manufacturing   |    13500 |           5 | 2016-11-01   |
|  110 | bharat      |  Visshakhapatnam        | M        | 1995-02-28    | Co-Supervisor   | Manufacturing   |    40000 |           5 | 2016-03-01   |
+------+-------------+-------------------------+----------+---------------+-----------------+-----------------+----------+-------------+--------------+
10 rows in set (0.00 sec)

mysql> 
==========================================================================================================================

                                                         qurre 


===================================================================

mysql> update CUSTOMER_MASTER
    -> set Cust_full_name = 'priyank' where cust_id = 1;
ERROR 1146 (42S02): Table 'sys.CUSTOMER_MASTER' doesn't exist
mysql> update customer  set Cust_name = 'jaymin' where cust_id = 101;
Query OK, 1 row affected (0.05 sec)
Rows matched: 1  Changed: 1  Warnings: 0

mysql> select * from customer;
+---------+------------+--------------+----------------+-----------------+--------------------+------------+
| cust_id | cust_name  | cust_address | cust_mobile_no | cust_blood_grop | cust_date_of_brith | cust_lan_n |
+---------+------------+--------------+----------------+-----------------+--------------------+------------+
|     101 | jaymin     | surat        |     7567920122 | a               | 2003-11-09         | 1234567891 |
|     102 | fizapatel  | gindinger    |     8849048885 | b               | 2002-12-08         | 7567920122 |
|     103 | dakshpatel | amaril       |     9328510006 | c               | 2001-11-09         | 9328510006 |
|     104 | dhrvin     | surat        |     9328511006 | c               | 2001-11-08         | 7567920145 |
|     105 | nitiya     | surat        |     9321510006 | a               | 2002-11-09         | 4561237898 |
|     106 | patel      | surat        |     9228510006 | a+              | 2001-11-09         | 9874561231 |
|     107 | priya      | surat        |     9328512346 | a               | 2001-09-09         | 4561237897 |
|     108 | part       | surat        |      932890006 | a               | 2002-11-09         | 9913015250 |
|     109 | om         | rajokt       |     9228510006 | b               | 2004-12-07         | 9913015265 |
|     110 | damo       | amaril       |     9328810006 | a               | 2001-11-10         | 9874561230 |
+---------+------------+--------------+----------------+-----------------+--------------------+------------+
10 rows in set (0.00 sec)

====================================================================

                               quree 14
===================================================================


mysql> update customer  set Cust_blood_grop = 'ab+' where Cust_id = 109;
Query OK, 1 row affected (0.05 sec)
Rows matched: 1  Changed: 1  Warnings: 0

mysql> select * from customer;
+---------+------------+--------------+----------------+-----------------+--------------------+------------+
| cust_id | cust_name  | cust_address | cust_mobile_no | cust_blood_grop | cust_date_of_brith | cust_lan_n |
+---------+------------+--------------+----------------+-----------------+--------------------+------------+
|     101 | jaymin     | surat        |     7567920122 | a               | 2003-11-09         | 1234567891 |
|     102 | fizapatel  | gindinger    |     8849048885 | b               | 2002-12-08         | 7567920122 |
|     103 | dakshpatel | amaril       |     9328510006 | c               | 2001-11-09         | 9328510006 |
|     104 | dhrvin     | surat        |     9328511006 | c               | 2001-11-08         | 7567920145 |
|     105 | nitiya     | surat        |     9321510006 | a               | 2002-11-09         | 4561237898 |
|     106 | patel      | surat        |     9228510006 | a+              | 2001-11-09         | 9874561231 |
|     107 | priya      | surat        |     9328512346 | a               | 2001-09-09         | 4561237897 |
|     108 | part       | surat        |      932890006 | a               | 2002-11-09         | 9913015250 |
|     109 | om         | rajokt       |     9228510006 | ab+             | 2004-12-07         | 9913015265 |
|     110 | damo       | amaril       |     9328810006 | a               | 2001-11-10         | 9874561230 |
+---------+------------+--------------+----------------+-----------------+--------------------+------------+
10 rows in set (0.00 sec)

mysql> 
==========================================================================


                              quree ==10



=============================================================================



mysql> update apply_l_d set To_date ='2015-04-18',from_date ='2015-08-15'where L_id =106;
Query OK, 1 row affected (0.05 sec)
Rows matched: 1  Changed: 1  Warnings: 0

mysql> select * from apply_l_d;
+------+-------------------+----------+------------+------------+----------+-----------+---------------------------+--------+
| L_id | Student_name      | Semester | To_date    | from_date  | To_time  | From_time | Reason                    | Status |
+------+-------------------+----------+------------+------------+----------+-----------+---------------------------+--------+
|  101 | Jenil Rewdiwala   |        1 | 2021-12-14 | 2021-12-14 | 08:30:00 | 15:30:00  | Going to marrege function | A      |
|  102 | Ayush Mendapara   |        1 | 2021-08-30 | 2021-09-02 | 08:30:00 | 15:30:00  | Helth Issue               | A      |
|  103 | Prince Sutariya   |        3 | 2020-09-15 | 2020-09-20 | 12:00:00 | 12:00:00  | going to tour             | R      |
|  104 | Poojan Kharvar    |        1 | 2021-11-01 | 2021-11-03 | 10:00:00 | 15:00:00  | Marrege function          | R      |
|  105 | Khushi Gelani     |        8 | 2018-08-16 | 2018-08-16 | 08:30:00 | 15:30:00  | Dance Prectis             | A      |
|  106 | Mohmadd Kaif      |        1 | 2015-04-18 | 2015-08-15 | 09:00:00 | 20:00:00  | Freshers Party            | R      |
|  107 | Kaushik Ranpariya |        1 | 2020-01-14 | 2022-01-15 | 08:30:00 | 15:30:00  | Makarsankranti            | A      |
|  108 | Parshva Shah      |        8 | 2018-08-16 | 2018-08-16 | 08:30:00 | 15:30:00  | Dance Prectis             | A      |
|  109 | Girish Suthar     |        1 | 2021-12-14 | 2021-12-14 | 08:30:00 | 15:30:00  | Going to marrege function | A      |
|  110 | Prit Badhivala    |        1 | 2021-11-01 | 2021-11-03 | 10:00:00 | 15:00:00  | Marrege function          | R      |
+------+-------------------+----------+------------+------------+----------+-----------+---------------------------+--------+
10 rows in set (0.01 sec)

mysql> 
=========================================================================
mysql> select * from apply_l_d;
+------+-------------------+----------+------------+------------+----------+-----------+---------------------------+--------+
| L_id | Student_name      | Semester | To_date    | from_date  | To_time  | From_time | Reason                    | Status |
+------+-------------------+----------+------------+------------+----------+-----------+---------------------------+--------+
|  101 | Jenil Rewdiwala   |        1 | 2021-12-14 | 2021-12-14 | 08:30:00 | 15:30:00  | Going to marrege function | A      |
|  102 | Ayush Mendapara   |        1 | 2021-08-30 | 2021-09-02 | 08:30:00 | 15:30:00  | Helth Issue               | A      |
|  103 | Prince Sutariya   |        3 | 2020-09-15 | 2020-09-20 | 12:00:00 | 12:00:00  | going to tour             | R      |
|  104 | Poojan Kharvar    |        1 | 2021-11-01 | 2021-11-03 | 10:00:00 | 15:00:00  | Marrege function          | R      |
|  105 | Khushi Gelani     |        8 | 2018-08-16 | 2018-08-16 | 08:30:00 | 15:30:00  | Dance Prectis             | A      |
|  106 | Mohmadd Kaif      |        1 | 2015-04-18 | 2015-08-15 | 09:00:00 | 20:00:00  | Freshers Party            | R      |
|  107 | Kaushik Ranpariya |        1 | 2020-01-14 | 2022-01-15 | 08:30:00 | 15:30:00  | Makarsankranti            | A      |
|  108 | Parshva Shah      |        8 | 2018-08-16 | 2018-08-16 | 08:30:00 | 15:30:00  | Dance Prectis             | A      |
|  109 | Girish Suthar     |        1 | 2021-12-14 | 2021-12-14 | 08:30:00 | 15:30:00  | Going to marrege function | A      |
|  110 | Prit Badhivala    |        1 | 2021-11-01 | 2021-11-03 | 10:00:00 | 15:00:00  | Marrege function          | R      |
+------+-------------------+----------+------------+------------+----------+-----------+---------------------------+--------+
10 rows in set (0.00 sec)

mysql> delete from apply_l_d where Status = 'a';
Query OK, 6 rows affected (0.04 sec)

mysql> select * from apply_l_d;
+------+-----------------+----------+------------+------------+----------+-----------+------------------+--------+
| L_id | Student_name    | Semester | To_date    | from_date  | To_time  | From_time | Reason           | Status |
+------+-----------------+----------+------------+------------+----------+-----------+------------------+--------+
|  103 | Prince Sutariya |        3 | 2020-09-15 | 2020-09-20 | 12:00:00 | 12:00:00  | going to tour    | R      |
|  104 | Poojan Kharvar  |        1 | 2021-11-01 | 2021-11-03 | 10:00:00 | 15:00:00  | Marrege function | R      |
|  106 | Mohmadd Kaif    |        1 | 2015-04-18 | 2015-08-15 | 09:00:00 | 20:00:00  | Freshers Party   | R      |
|  110 | Prit Badhivala  |        1 | 2021-11-01 | 2021-11-03 | 10:00:00 | 15:00:00  | Marrege function | R      |
+------+-----------------+----------+------------+------------+----------+-----------+------------------+--------+
4 rows in set (0.01 sec)

mysql> 
========================================================

                            p 2 ok=======
                              

                                         

